{"cameraMode":{"drawMode":0,"name":"Shaded","section":"Shading Mode"},"sceneLighting":true,"audioPlay":false,"sceneViewState":{"showFog":true,"showMaterialUpdate":false,"showSkybox":true,"showFlares":true,"showImageEffects":true,"showParticleSystems":true},"in2DMode":false,"pivot":{"x":47.72728729248047,"y":36.83176803588867,"z":-35.51847457885742},"rotation":{"x":-0.2916853129863739,"y":0.6402319073677063,"z":-0.2873077988624573,"w":-0.6499823927879334},"size":5.351992130279541,"orthographic":false}